seq,sprint,module_id,task_key,module_title,status,completeness,completeness_score,files_ok,contract_required,contract_exists,timestamp_done,timestamp_last_changed,timestamp_committed,commit_hash,committed_by,worked_by,assigned_agent,local_file_locations,git_file_locations,git_urls
1,0,0.1,0.1@AUTH-1,Define and commit ProviderAdapter interface — all adapters implement this,done,complete,100.0,True,True,True,2026-03-04T01:14:43+00:00,2026-03-07T22:46:32-05:00,2026-03-03T20:12:09-05:00,2ebfec6b47bd85684fa075406031019e4f0246b1,messagesgoel-blip,Codex,Codex,/home/sanjay/cacheflow_work/lib/providers/ProviderAdapter.interface.ts; /home/sanjay/cacheflow_work/lib/providers/types.ts; /home/sanjay/cacheflow_work/web/lib/providers/types.ts,lib/providers/ProviderAdapter.interface.ts; lib/providers/types.ts; web/lib/providers/types.ts,https://github.com/messagesgoel-blip/cacheflow/blob/main/lib/providers/ProviderAdapter.interface.ts; https://github.com/messagesgoel-blip/cacheflow/blob/main/lib/providers/types.ts; https://github.com/messagesgoel-blip/cacheflow/blob/main/web/lib/providers/types.ts
2,0,0.2,0.2@AUTH-1,Define AppError taxonomy and ErrorCode enum,done,complete,100.0,True,True,True,2026-03-04T03:46:36+00:00,2026-03-03T16:26:18-05:00,2026-03-03T22:31:55-05:00,1d01014e881ea8e5ce953564a7357d01c7966576,messagesgoel-blip,OpenCode,OpenCode,/home/sanjay/cacheflow_work/lib/errors/AppError.ts; /home/sanjay/cacheflow_work/lib/errors/ErrorCode.ts,lib/errors/AppError.ts; lib/errors/ErrorCode.ts,https://github.com/messagesgoel-blip/cacheflow/blob/main/lib/errors/AppError.ts; https://github.com/messagesgoel-blip/cacheflow/blob/main/lib/errors/ErrorCode.ts
3,0,0.3,0.3@AUTH-2,"Define complete Prisma schema baseline — all tables, all relationships",done,complete,100.0,True,True,True,2026-03-04T03:46:36+00:00,2026-03-07T22:54:44-05:00,2026-03-03T22:31:55-05:00,1d01014e881ea8e5ce953564a7357d01c7966576,messagesgoel-blip,OpenCode,OpenCode,/home/sanjay/cacheflow_work/prisma/schema.prisma; /home/sanjay/cacheflow_work/docs/architecture/data-model.md,prisma/schema.prisma; docs/architecture/data-model.md,https://github.com/messagesgoel-blip/cacheflow/blob/main/prisma/schema.prisma; https://github.com/messagesgoel-blip/cacheflow/blob/main/docs/architecture/data-model.md
4,0,0.4,0.4@SSE-1,Allocate Redis namespaces — document and enforce db separation,done,complete,100.0,True,True,True,2026-03-04T03:46:36+00:00,2026-03-06T12:46:14-05:00,2026-03-03T22:31:55-05:00,1d01014e881ea8e5ce953564a7357d01c7966576,messagesgoel-blip,OpenCode,OpenCode,/home/sanjay/cacheflow_work/docs/architecture/redis-namespaces.md; /home/sanjay/cacheflow_work/lib/redis/client.ts,docs/architecture/redis-namespaces.md; lib/redis/client.ts,https://github.com/messagesgoel-blip/cacheflow/blob/main/docs/architecture/redis-namespaces.md; https://github.com/messagesgoel-blip/cacheflow/blob/main/lib/redis/client.ts
5,0,0.4a,0.4a@AUTH-1,ErrorCode → UI action contract doc; map all ErrorCode enums to deterministic UI behavior and default toast fallback,done,complete,100.0,True,True,True,2026-03-09T04:52:31+00:00,2026-03-03T16:19:23-05:00,2026-03-08T20:42:15-04:00,94c0d8158b69,messagesgoel-blip,ClaudeCode,ClaudeCode,/home/sanjay/cacheflow_work/docs/contracts/errorcode-ui-actions.md,docs/contracts/errorcode-ui-actions.md,https://github.com/messagesgoel-blip/cacheflow/blob/main/docs/contracts/errorcode-ui-actions.md
6,0,0.5,0.5@TRANSFER-1,Define streaming pipeline pattern — pipeline() + backpressure strategy,done,complete,100.0,True,True,True,2026-03-04T03:46:36+00:00,2026-03-04T16:27:42-05:00,2026-03-03T22:31:55-05:00,1d01014e881ea8e5ce953564a7357d01c7966576,messagesgoel-blip,OpenCode,OpenCode,/home/sanjay/cacheflow_work/lib/transfers/streamPipeline.ts; /home/sanjay/cacheflow_work/tests/unit/streamPipeline.test.ts,lib/transfers/streamPipeline.ts; tests/unit/streamPipeline.test.ts,https://github.com/messagesgoel-blip/cacheflow/blob/main/lib/transfers/streamPipeline.ts; https://github.com/messagesgoel-blip/cacheflow/blob/main/tests/unit/streamPipeline.test.ts
7,0,0.6,0.6@AUTH-4,Define singleton refresh promise pattern — prevent concurrent token refresh race,done,complete,100.0,True,True,True,2026-03-04T03:46:36+00:00,2026-03-04T16:27:42-05:00,2026-03-03T22:31:55-05:00,1d01014e881ea8e5ce953564a7357d01c7966576,messagesgoel-blip,OpenCode,OpenCode,/home/sanjay/cacheflow_work/lib/auth/refreshGuard.ts; /home/sanjay/cacheflow_work/docs/architecture/auth-patterns.md; /home/sanjay/cacheflow_work/tests/unit/refreshGuard.test.ts,lib/auth/refreshGuard.ts; docs/architecture/auth-patterns.md; tests/unit/refreshGuard.test.ts,https://github.com/messagesgoel-blip/cacheflow/blob/main/lib/auth/refreshGuard.ts; https://github.com/messagesgoel-blip/cacheflow/blob/main/docs/architecture/auth-patterns.md; https://github.com/messagesgoel-blip/cacheflow/blob/main/tests/unit/refreshGuard.test.ts
8,0,0.7,0.7@SSE-1,Define BullMQ → SSE bridge via Redis pub/sub,done,complete,100.0,True,True,True,2026-03-04T03:46:36+00:00,2026-03-08T18:45:08-04:00,2026-03-03T22:31:55-05:00,1d01014e881ea8e5ce953564a7357d01c7966576,messagesgoel-blip,OpenCode,OpenCode,/home/sanjay/cacheflow_work/lib/transfers/progressBridge.ts; /home/sanjay/cacheflow_work/docs/architecture/sse-pattern.md,lib/transfers/progressBridge.ts; docs/architecture/sse-pattern.md,https://github.com/messagesgoel-blip/cacheflow/blob/main/lib/transfers/progressBridge.ts; https://github.com/messagesgoel-blip/cacheflow/blob/main/docs/architecture/sse-pattern.md
9,0,0.9,0.9@SSE-1,Stateful deployment guard — enforce long-running runtime targets and block serverless/edge deployment configs in CI,done,complete,100.0,True,True,True,2026-03-04T03:46:36+00:00,2026-03-04T16:27:42-05:00,2026-03-03T22:31:55-05:00,1d01014e881ea8e5ce953564a7357d01c7966576,messagesgoel-blip,OpenCode,Codex,/home/sanjay/cacheflow_work/docs/architecture/deployment-constraints.md; /home/sanjay/cacheflow_work/scripts/check-deployment-target.sh; /home/sanjay/cacheflow_work/.env.example,docs/architecture/deployment-constraints.md; scripts/check-deployment-target.sh; .env.example,https://github.com/messagesgoel-blip/cacheflow/blob/main/docs/architecture/deployment-constraints.md; https://github.com/messagesgoel-blip/cacheflow/blob/main/scripts/check-deployment-target.sh; https://github.com/messagesgoel-blip/cacheflow/blob/main/.env.example
10,1,1.1,1.1@AUTH-1,Create global HTTP interceptor for all /api/remotes proxy calls,done,complete,100.0,True,True,True,2026-03-02T21:27:53+00:00,2026-03-07T22:46:32-05:00,2026-03-02T16:17:26-05:00,9fe35b97ff937479a1f5a6dd2e4113bd79feabe9,Sanjay Goel,OpenCode,OpenCode,/home/sanjay/cacheflow_work/lib/apiClient.ts; /home/sanjay/cacheflow_work/web/lib/apiClient.ts; /home/sanjay/cacheflow_work/lib/interceptors/authInterceptor.ts; /home/sanjay/cacheflow_work/web/lib/interceptors/authInterceptor.ts,lib/apiClient.ts; web/lib/apiClient.ts; lib/interceptors/authInterceptor.ts; web/lib/interceptors/authInterceptor.ts,https://github.com/messagesgoel-blip/cacheflow/blob/main/lib/apiClient.ts; https://github.com/messagesgoel-blip/cacheflow/blob/main/web/lib/apiClient.ts; https://github.com/messagesgoel-blip/cacheflow/blob/main/lib/interceptors/authInterceptor.ts; https://github.com/messagesgoel-blip/cacheflow/blob/main/web/lib/interceptors/authInterceptor.ts
11,1,1.2,1.2@AUTH-2,Implement silent token refresh endpoint,done,complete,100.0,True,True,True,2026-03-02T21:20:31+00:00,2026-03-05T11:50:33-05:00,2026-03-02T16:17:26-05:00,9fe35b97ff937479a1f5a6dd2e4113bd79feabe9,Sanjay Goel,OpenCode,OpenCode,/home/sanjay/cacheflow_work/web/app/api/auth/refresh/route.ts,web/app/api/auth/refresh/route.ts,https://github.com/messagesgoel-blip/cacheflow/blob/main/web/app/api/auth/refresh/route.ts
12,1,1.3,1.3@AUTH-3,Migrate from localStorage TokenManager to HttpOnly cookies,done,complete,100.0,True,True,True,2026-03-02T21:20:31+00:00,2026-03-02T16:28:58-05:00,2026-03-02T16:17:26-05:00,9fe35b97ff937479a1f5a6dd2e4113bd79feabe9,Sanjay Goel,OpenCode,OpenCode,/home/sanjay/cacheflow_work/web/lib/tokenManager.ts; /home/sanjay/cacheflow_work/web/lib/auth/cookieAuth.ts,web/lib/tokenManager.ts; web/lib/auth/cookieAuth.ts,https://github.com/messagesgoel-blip/cacheflow/blob/main/web/lib/tokenManager.ts; https://github.com/messagesgoel-blip/cacheflow/blob/main/web/lib/auth/cookieAuth.ts
13,1,1.4,1.4@AUTH-2,Token Vault v1 — encrypted at-rest provider credentials,done,complete,100.0,True,True,True,2026-03-02T20:59:03+00:00,2026-03-06T12:46:14-05:00,2026-03-02T15:58:58-05:00,b1142283731bcff90df9612eb830148d8d811a5c,Sanjay Goel,OpenCode,OpenCode,/home/sanjay/cacheflow_work/lib/vault/tokenVault.ts; /home/sanjay/cacheflow_work/web/lib/vault/tokenVault.ts; /home/sanjay/cacheflow_work/prisma/migrations/001_token_vault,lib/vault/tokenVault.ts; web/lib/vault/tokenVault.ts; prisma/migrations/001_token_vault,https://github.com/messagesgoel-blip/cacheflow/blob/main/lib/vault/tokenVault.ts; https://github.com/messagesgoel-blip/cacheflow/blob/main/web/lib/vault/tokenVault.ts; https://github.com/messagesgoel-blip/cacheflow/blob/main/prisma/migrations/001_token_vault
14,1,1.5,1.5@AUTH-1,Multi-account schema — up to 3 accounts per provider,done,complete,100.0,True,True,True,2026-03-02T21:27:53+00:00,2026-03-06T12:46:14-05:00,2026-03-02T16:17:26-05:00,9fe35b97ff937479a1f5a6dd2e4113bd79feabe9,Sanjay Goel,OpenCode,OpenCode,/home/sanjay/cacheflow_work/prisma/migrations/002_multi_account; /home/sanjay/cacheflow_work/lib/vault/tokenVault.ts; /home/sanjay/cacheflow_work/web/lib/vault/tokenVault.ts,prisma/migrations/002_multi_account; lib/vault/tokenVault.ts; web/lib/vault/tokenVault.ts,https://github.com/messagesgoel-blip/cacheflow/blob/main/prisma/migrations/002_multi_account; https://github.com/messagesgoel-blip/cacheflow/blob/main/lib/vault/tokenVault.ts; https://github.com/messagesgoel-blip/cacheflow/blob/main/web/lib/vault/tokenVault.ts
15,1,1.6,1.6@AUTH-3,Remove client-side token sync pattern entirely,done,complete,100.0,True,False,False,2026-03-04T04:25:16+00:00,2026-03-08T18:29:43-04:00,2026-03-03T22:59:12-05:00,6e8a668b8ac8c5ba22493ac8e91128dfadb7c236,messagesgoel-blip,ClaudeCode,ClaudeCode,/home/sanjay/cacheflow_work/web/lib/apiClient.ts; /home/sanjay/cacheflow_work/web/components/Sidebar.tsx; /home/sanjay/cacheflow_work/web/app/page.tsx,web/lib/apiClient.ts; web/components/Sidebar.tsx; web/app/page.tsx,https://github.com/messagesgoel-blip/cacheflow/blob/main/web/lib/apiClient.ts; https://github.com/messagesgoel-blip/cacheflow/blob/main/web/components/Sidebar.tsx; https://github.com/messagesgoel-blip/cacheflow/blob/main/web/app/page.tsx
16,1,1.7,1.7@AUTH-1,Write Playwright token expiry test,done,complete,100.0,True,False,False,2026-03-04T04:25:16+00:00,2026-03-04T16:27:42-05:00,2026-03-03T22:59:12-05:00,6e8a668b8ac8c5ba22493ac8e91128dfadb7c236,messagesgoel-blip,Gemini,Gemini,/home/sanjay/cacheflow_work/e2e/tests/tokenExpiry.spec.ts,e2e/tests/tokenExpiry.spec.ts,https://github.com/messagesgoel-blip/cacheflow/blob/main/e2e/tests/tokenExpiry.spec.ts
17,1,1.8,1.8@MODAL-1,Replace shared modal boolean with provider discriminator enum,done,complete,100.0,True,False,False,2026-03-04T04:25:16+00:00,2026-03-08T10:35:19-04:00,2026-03-03T22:59:12-05:00,6e8a668b8ac8c5ba22493ac8e91128dfadb7c236,messagesgoel-blip,ClaudeCode,ClaudeCode,/home/sanjay/cacheflow_work/web/context/IntegrationContext.tsx; /home/sanjay/cacheflow_work/web/components/modals/ConnectProviderModal.tsx,web/context/IntegrationContext.tsx; web/components/modals/ConnectProviderModal.tsx,https://github.com/messagesgoel-blip/cacheflow/blob/main/web/context/IntegrationContext.tsx; https://github.com/messagesgoel-blip/cacheflow/blob/main/web/components/modals/ConnectProviderModal.tsx
18,1,1.9,1.9@MODAL-1,Implement correct forms for WebDAV and VPS/SFTP modals,done,complete,100.0,True,False,False,2026-03-04T04:25:16+00:00,2026-03-08T10:35:19-04:00,2026-03-03T22:59:12-05:00,6e8a668b8ac8c5ba22493ac8e91128dfadb7c236,messagesgoel-blip,ClaudeCode,ClaudeCode,/home/sanjay/cacheflow_work/web/components/modals/WebDAVModal.tsx; /home/sanjay/cacheflow_work/web/components/modals/VPSModal.tsx,web/components/modals/WebDAVModal.tsx; web/components/modals/VPSModal.tsx,https://github.com/messagesgoel-blip/cacheflow/blob/main/web/components/modals/WebDAVModal.tsx; https://github.com/messagesgoel-blip/cacheflow/blob/main/web/components/modals/VPSModal.tsx
19,1,1.10,1.10@MODAL-1,Clear modal state on close and provider switch,done,complete,100.0,True,False,False,2026-03-04T04:25:16+00:00,2026-03-08T10:35:19-04:00,2026-03-03T22:59:12-05:00,6e8a668b8ac8c5ba22493ac8e91128dfadb7c236,messagesgoel-blip,ClaudeCode,ClaudeCode,/home/sanjay/cacheflow_work/web/context/IntegrationContext.tsx; /home/sanjay/cacheflow_work/web/components/modals/ConnectProviderModal.tsx,web/context/IntegrationContext.tsx; web/components/modals/ConnectProviderModal.tsx,https://github.com/messagesgoel-blip/cacheflow/blob/main/web/context/IntegrationContext.tsx; https://github.com/messagesgoel-blip/cacheflow/blob/main/web/components/modals/ConnectProviderModal.tsx
20,1,1.11,1.11@MODAL-1,Write Playwright modal test — all 9 provider Connect buttons,done,complete,100.0,True,False,False,2026-03-04T04:25:16+00:00,2026-03-04T16:27:42-05:00,2026-03-03T22:59:12-05:00,6e8a668b8ac8c5ba22493ac8e91128dfadb7c236,messagesgoel-blip,Gemini,Gemini,/home/sanjay/cacheflow_work/e2e/tests/providerModals.spec.ts,e2e/tests/providerModals.spec.ts,https://github.com/messagesgoel-blip/cacheflow/blob/main/e2e/tests/providerModals.spec.ts
21,1,1.12,1.12@UUID-1,Audit upload pipeline — locate all UUID injection points,done,complete,100.0,True,True,True,2026-03-04T03:48:37+00:00,2026-03-07T22:46:32-05:00,2026-03-03T22:31:55-05:00,1d01014e881ea8e5ce953564a7357d01c7966576,messagesgoel-blip,OpenCode,Codex,/home/sanjay/cacheflow_work/api/remotes; /home/sanjay/cacheflow_work/lib/providers; /home/sanjay/cacheflow_work/lib/providers/dropbox; /home/sanjay/cacheflow_work/lib/providers/onedrive; /home/sanjay/cacheflow_work/lib/providers/vps; /home/sanjay/cacheflow_work/lib/providers/pcloud; /home/sanjay/cacheflow_work/lib/providers/box; /home/sanjay/cacheflow_work/lib/providers/yandex; /home/sanjay/cacheflow_work/lib/providers/googleDrive; /home/sanjay/cacheflow_work/web/lib/providers; /home/sanjay/cacheflow_work/web/lib/providers/__tests__; /home/sanjay/cacheflow_work/lib/uploads,api/remotes; lib/providers; lib/providers/dropbox; lib/providers/onedrive; lib/providers/vps; lib/providers/pcloud; lib/providers/box; lib/providers/yandex; lib/providers/googleDrive; web/lib/providers; web/lib/providers/__tests__; lib/uploads,https://github.com/messagesgoel-blip/cacheflow/blob/main/api/remotes; https://github.com/messagesgoel-blip/cacheflow/blob/main/lib/providers; https://github.com/messagesgoel-blip/cacheflow/blob/main/lib/providers/dropbox; https://github.com/messagesgoel-blip/cacheflow/blob/main/lib/providers/onedrive; https://github.com/messagesgoel-blip/cacheflow/blob/main/lib/providers/vps; https://github.com/messagesgoel-blip/cacheflow/blob/main/lib/providers/pcloud; https://github.com/messagesgoel-blip/cacheflow/blob/main/lib/providers/box; https://github.com/messagesgoel-blip/cacheflow/blob/main/lib/providers/yandex; https://github.com/messagesgoel-blip/cacheflow/blob/main/lib/providers/googleDrive; https://github.com/messagesgoel-blip/cacheflow/blob/main/web/lib/providers; https://github.com/messagesgoel-blip/cacheflow/blob/main/web/lib/providers/__tests__; https://github.com/messagesgoel-blip/cacheflow/blob/main/lib/uploads
22,1,1.13,1.13@UUID-1,Fix upload pipeline to preserve original File.name,done,complete,100.0,True,True,True,2026-03-04T03:59:37+00:00,2026-03-05T20:10:03-05:00,2026-03-03T22:59:12-05:00,6e8a668b8ac8c5ba22493ac8e91128dfadb7c236,messagesgoel-blip,OpenCode,OpenCode,/home/sanjay/cacheflow_work/lib/providers/googleDrive.ts; /home/sanjay/cacheflow_work/web/lib/providers/googleDrive.ts; /home/sanjay/cacheflow_work/lib/providers/onedrive.ts; /home/sanjay/cacheflow_work/lib/providers/dropbox.ts; /home/sanjay/cacheflow_work/web/lib/providers/dropbox.ts; /home/sanjay/cacheflow_work/lib/uploads/uploadManager.ts,lib/providers/googleDrive.ts; web/lib/providers/googleDrive.ts; lib/providers/onedrive.ts; lib/providers/dropbox.ts; web/lib/providers/dropbox.ts; lib/uploads/uploadManager.ts,https://github.com/messagesgoel-blip/cacheflow/blob/main/lib/providers/googleDrive.ts; https://github.com/messagesgoel-blip/cacheflow/blob/main/web/lib/providers/googleDrive.ts; https://github.com/messagesgoel-blip/cacheflow/blob/main/lib/providers/onedrive.ts; https://github.com/messagesgoel-blip/cacheflow/blob/main/lib/providers/dropbox.ts; https://github.com/messagesgoel-blip/cacheflow/blob/main/web/lib/providers/dropbox.ts; https://github.com/messagesgoel-blip/cacheflow/blob/main/lib/uploads/uploadManager.ts
23,1,1.14,1.14@UUID-1,Write and run migration script in staging,done,complete,100.0,True,True,True,2026-03-02T21:06:39+00:00,2026-03-04T16:26:55-05:00,2026-03-02T16:03:11-05:00,0e06e1fcf81dfaec1677db2561c318d0c5911798,Sanjay Goel,OpenCode,OpenCode,/home/sanjay/cacheflow_work/scripts/migrate-files-no-uuid.js,scripts/migrate-files-no-uuid.js,https://github.com/messagesgoel-blip/cacheflow/blob/main/scripts/migrate-files-no-uuid.js
24,1,1.15,1.15@UUID-1,Validate and apply migration to production,done,complete,100.0,True,True,True,2026-03-04T04:01:50+00:00,2026-03-04T16:26:55-05:00,2026-03-03T22:59:12-05:00,6e8a668b8ac8c5ba22493ac8e91128dfadb7c236,messagesgoel-blip,Codex,Codex,/home/sanjay/cacheflow_work/scripts/migrate-files-no-uuid.js,scripts/migrate-files-no-uuid.js,https://github.com/messagesgoel-blip/cacheflow/blob/main/scripts/migrate-files-no-uuid.js
25,1,1.16,1.16@SYNC-1,Connections page and sidebar read from single server state store,done,complete,100.0,True,True,True,2026-03-04T04:04:50+00:00,2026-03-08T18:29:43-04:00,2026-03-03T22:59:12-05:00,6e8a668b8ac8c5ba22493ac8e91128dfadb7c236,messagesgoel-blip,OpenCode,OpenCode,/home/sanjay/cacheflow_work/web/app/api/connections/route.ts; /home/sanjay/cacheflow_work/web/components/Sidebar.tsx; /home/sanjay/cacheflow_work/web/app/connections/page.tsx,web/app/api/connections/route.ts; web/components/Sidebar.tsx; web/app/connections/page.tsx,https://github.com/messagesgoel-blip/cacheflow/blob/main/web/app/api/connections/route.ts; https://github.com/messagesgoel-blip/cacheflow/blob/main/web/components/Sidebar.tsx; https://github.com/messagesgoel-blip/cacheflow/blob/main/web/app/connections/page.tsx
26,1,1.17,1.17@AUTH-1,Replace SESSION_EXPIRED raw text with actionable component,done,complete,100.0,True,False,False,2026-03-04T04:25:16+00:00,2026-03-04T16:27:42-05:00,2026-03-03T22:59:12-05:00,6e8a668b8ac8c5ba22493ac8e91128dfadb7c236,messagesgoel-blip,ClaudeCode,ClaudeCode,/home/sanjay/cacheflow_work/web/components/SessionExpiredBanner.tsx; /home/sanjay/cacheflow_work/web/components/Sidebar/AccountRow.tsx,web/components/SessionExpiredBanner.tsx; web/components/Sidebar/AccountRow.tsx,https://github.com/messagesgoel-blip/cacheflow/blob/main/web/components/SessionExpiredBanner.tsx; https://github.com/messagesgoel-blip/cacheflow/blob/main/web/components/Sidebar/AccountRow.tsx
27,1,1.18,1.18@AUTH-2,"Security baseline — remove defaults, harden secrets",done,complete,100.0,True,True,True,2026-03-04T04:08:03+00:00,2026-03-08T20:22:47-04:00,2026-03-03T22:59:12-05:00,6e8a668b8ac8c5ba22493ac8e91128dfadb7c236,messagesgoel-blip,OpenCode,OpenCode,/home/sanjay/cacheflow_work/lib/auth; /home/sanjay/cacheflow_work/web/lib/auth; /home/sanjay/cacheflow_work/web/lib/auth/__tests__; /home/sanjay/cacheflow_work/app/api/search/route.ts; /home/sanjay/cacheflow_work/app/api/share/route.ts; /home/sanjay/cacheflow_work/app/api/jobs/route.ts; /home/sanjay/cacheflow_work/app/api/vault/route.ts; /home/sanjay/cacheflow_work/app/api/remotes/[uuid]/proxy/route.ts; /home/sanjay/cacheflow_work/app/api/remotes/[uuid]/actions/delete/route.ts; /home/sanjay/cacheflow_work/app/api/remotes/[uuid]/actions/move/route.ts; /home/sanjay/cacheflow_work/app/api/remotes/[uuid]/actions/rename/route.ts; /home/sanjay/cacheflow_work/app/api/remotes/[uuid]/actions/download/route.ts; /home/sanjay/cacheflow_work/app/api/share/[id]/revoke/route.ts; /home/sanjay/cacheflow_work/app/api/transfers/[id]/chunks/route.ts; /home/sanjay/cacheflow_work/app/api/transfers/[id]/progress/route.ts; /home/sanjay/cacheflow_work/app/api/connections/vps/route.ts; /home/sanjay/cacheflow_work/web/app/api/remotes/route.ts; /home/sanjay/cacheflow_work/web/app/api/remote-upload/route.ts; /home/sanjay/cacheflow_work/web/app/api/rate-limits/route.ts; /home/sanjay/cacheflow_work/web/app/api/favorites/route.ts; /home/sanjay/cacheflow_work/web/app/api/transfers/route.ts; /home/sanjay/cacheflow_work/web/app/api/connections/route.ts; /home/sanjay/cacheflow_work/web/app/api/jobs/route.ts; /home/sanjay/cacheflow_work/web/app/api/remotes/[uuid]/upload/route.ts; /home/sanjay/cacheflow_work/web/app/api/remotes/[uuid]/health/route.ts; /home/sanjay/cacheflow_work/web/app/api/remotes/[uuid]/proxy/route.ts; /home/sanjay/cacheflow_work/web/app/api/providers/[id]/route.ts; /home/sanjay/cacheflow_work/web/app/api/providers/vps/route.ts; /home/sanjay/cacheflow_work/web/app/api/providers/vps/[id]/route.ts; /home/sanjay/cacheflow_work/web/app/api/providers/vps/test/route.ts; /home/sanjay/cacheflow_work/web/app/api/providers/vps/[id]/[...segments]/route.ts; /home/sanjay/cacheflow_work/web/app/api/favorites/[id]/route.ts; /home/sanjay/cacheflow_work/web/app/api/cleanup/duplicates/route.ts; /home/sanjay/cacheflow_work/web/app/api/transfers/chunk/route.ts; /home/sanjay/cacheflow_work/web/app/api/connections/health/route.ts; /home/sanjay/cacheflow_work/web/app/api/vault/[id]/unlock/route.ts; /home/sanjay/cacheflow_work/web/app/api/files/download/route.ts; /home/sanjay/cacheflow_work/web/app/api/auth/login/route.ts; /home/sanjay/cacheflow_work/web/app/api/auth/refresh/route.ts; /home/sanjay/cacheflow_work/web/app/api/auth/session/route.ts; /home/sanjay/cacheflow_work/web/app/api/auth/2fa/status/route.ts; /home/sanjay/cacheflow_work/web/app/api/auth/2fa/disable/route.ts; /home/sanjay/cacheflow_work/web/app/api/auth/2fa/verify/route.ts; /home/sanjay/cacheflow_work/web/app/api/auth/2fa/setup/route.ts; /home/sanjay/cacheflow_work/web/middleware.ts,lib/auth; web/lib/auth; web/lib/auth/__tests__; app/api/search/route.ts; app/api/share/route.ts; app/api/jobs/route.ts; app/api/vault/route.ts; app/api/remotes/[uuid]/proxy/route.ts; app/api/remotes/[uuid]/actions/delete/route.ts; app/api/remotes/[uuid]/actions/move/route.ts; app/api/remotes/[uuid]/actions/rename/route.ts; app/api/remotes/[uuid]/actions/download/route.ts; app/api/share/[id]/revoke/route.ts; app/api/transfers/[id]/chunks/route.ts; app/api/transfers/[id]/progress/route.ts; app/api/connections/vps/route.ts; web/app/api/remotes/route.ts; web/app/api/remote-upload/route.ts; web/app/api/rate-limits/route.ts; web/app/api/favorites/route.ts; web/app/api/transfers/route.ts; web/app/api/connections/route.ts; web/app/api/jobs/route.ts; web/app/api/remotes/[uuid]/upload/route.ts; web/app/api/remotes/[uuid]/health/route.ts; web/app/api/remotes/[uuid]/proxy/route.ts; web/app/api/providers/[id]/route.ts; web/app/api/providers/vps/route.ts; web/app/api/providers/vps/[id]/route.ts; web/app/api/providers/vps/test/route.ts; web/app/api/providers/vps/[id]/[...segments]/route.ts; web/app/api/favorites/[id]/route.ts; web/app/api/cleanup/duplicates/route.ts; web/app/api/transfers/chunk/route.ts; web/app/api/connections/health/route.ts; web/app/api/vault/[id]/unlock/route.ts; web/app/api/files/download/route.ts; web/app/api/auth/login/route.ts; web/app/api/auth/refresh/route.ts; web/app/api/auth/session/route.ts; web/app/api/auth/2fa/status/route.ts; web/app/api/auth/2fa/disable/route.ts; web/app/api/auth/2fa/verify/route.ts; web/app/api/auth/2fa/setup/route.ts; web/middleware.ts,https://github.com/messagesgoel-blip/cacheflow/blob/main/lib/auth; https://github.com/messagesgoel-blip/cacheflow/blob/main/web/lib/auth; https://github.com/messagesgoel-blip/cacheflow/blob/main/web/lib/auth/__tests__; https://github.com/messagesgoel-blip/cacheflow/blob/main/app/api/search/route.ts; https://github.com/messagesgoel-blip/cacheflow/blob/main/app/api/share/route.ts; https://github.com/messagesgoel-blip/cacheflow/blob/main/app/api/jobs/route.ts; https://github.com/messagesgoel-blip/cacheflow/blob/main/app/api/vault/route.ts; https://github.com/messagesgoel-blip/cacheflow/blob/main/app/api/remotes/[uuid]/proxy/route.ts; https://github.com/messagesgoel-blip/cacheflow/blob/main/app/api/remotes/[uuid]/actions/delete/route.ts; https://github.com/messagesgoel-blip/cacheflow/blob/main/app/api/remotes/[uuid]/actions/move/route.ts; https://github.com/messagesgoel-blip/cacheflow/blob/main/app/api/remotes/[uuid]/actions/rename/route.ts; https://github.com/messagesgoel-blip/cacheflow/blob/main/app/api/remotes/[uuid]/actions/download/route.ts; https://github.com/messagesgoel-blip/cacheflow/blob/main/app/api/share/[id]/revoke/route.ts; https://github.com/messagesgoel-blip/cacheflow/blob/main/app/api/transfers/[id]/chunks/route.ts; https://github.com/messagesgoel-blip/cacheflow/blob/main/app/api/transfers/[id]/progress/route.ts; https://github.com/messagesgoel-blip/cacheflow/blob/main/app/api/connections/vps/route.ts; https://github.com/messagesgoel-blip/cacheflow/blob/main/web/app/api/remotes/route.ts; https://github.com/messagesgoel-blip/cacheflow/blob/main/web/app/api/remote-upload/route.ts; https://github.com/messagesgoel-blip/cacheflow/blob/main/web/app/api/rate-limits/route.ts; https://github.com/messagesgoel-blip/cacheflow/blob/main/web/app/api/favorites/route.ts; https://github.com/messagesgoel-blip/cacheflow/blob/main/web/app/api/transfers/route.ts; https://github.com/messagesgoel-blip/cacheflow/blob/main/web/app/api/connections/route.ts; https://github.com/messagesgoel-blip/cacheflow/blob/main/web/app/api/jobs/route.ts; https://github.com/messagesgoel-blip/cacheflow/blob/main/web/app/api/remotes/[uuid]/upload/route.ts; https://github.com/messagesgoel-blip/cacheflow/blob/main/web/app/api/remotes/[uuid]/health/route.ts; https://github.com/messagesgoel-blip/cacheflow/blob/main/web/app/api/remotes/[uuid]/proxy/route.ts; https://github.com/messagesgoel-blip/cacheflow/blob/main/web/app/api/providers/[id]/route.ts; https://github.com/messagesgoel-blip/cacheflow/blob/main/web/app/api/providers/vps/route.ts; https://github.com/messagesgoel-blip/cacheflow/blob/main/web/app/api/providers/vps/[id]/route.ts; https://github.com/messagesgoel-blip/cacheflow/blob/main/web/app/api/providers/vps/test/route.ts; https://github.com/messagesgoel-blip/cacheflow/blob/main/web/app/api/providers/vps/[id]/[...segments]/route.ts; https://github.com/messagesgoel-blip/cacheflow/blob/main/web/app/api/favorites/[id]/route.ts; https://github.com/messagesgoel-blip/cacheflow/blob/main/web/app/api/cleanup/duplicates/route.ts; https://github.com/messagesgoel-blip/cacheflow/blob/main/web/app/api/transfers/chunk/route.ts; https://github.com/messagesgoel-blip/cacheflow/blob/main/web/app/api/connections/health/route.ts; https://github.com/messagesgoel-blip/cacheflow/blob/main/web/app/api/vault/[id]/unlock/route.ts; https://github.com/messagesgoel-blip/cacheflow/blob/main/web/app/api/files/download/route.ts; https://github.com/messagesgoel-blip/cacheflow/blob/main/web/app/api/auth/login/route.ts; https://github.com/messagesgoel-blip/cacheflow/blob/main/web/app/api/auth/refresh/route.ts; https://github.com/messagesgoel-blip/cacheflow/blob/main/web/app/api/auth/session/route.ts; https://github.com/messagesgoel-blip/cacheflow/blob/main/web/app/api/auth/2fa/status/route.ts; https://github.com/messagesgoel-blip/cacheflow/blob/main/web/app/api/auth/2fa/disable/route.ts; https://github.com/messagesgoel-blip/cacheflow/blob/main/web/app/api/auth/2fa/verify/route.ts; https://github.com/messagesgoel-blip/cacheflow/blob/main/web/app/api/auth/2fa/setup/route.ts; https://github.com/messagesgoel-blip/cacheflow/blob/main/web/middleware.ts
28,1,1.19,1.19@AUTH-2,Security audit test — verify no secrets in API responses,done,complete,100.0,True,False,False,2026-03-04T04:25:16+00:00,2026-03-04T16:27:42-05:00,2026-03-03T22:59:12-05:00,6e8a668b8ac8c5ba22493ac8e91128dfadb7c236,messagesgoel-blip,Gemini,Gemini,/home/sanjay/cacheflow_work/e2e/tests/securityAudit.spec.ts,e2e/tests/securityAudit.spec.ts,https://github.com/messagesgoel-blip/cacheflow/blob/main/e2e/tests/securityAudit.spec.ts
29,2,2.1,2.1@UPLOAD-1,Add persistent Upload / New Folder / Refresh action bar,done,complete,100.0,True,False,False,2026-03-04T12:16:04+00:00,2026-03-08T11:47:20-04:00,2026-03-04T05:51:46-05:00,901d0586f6132e1f4e42939c8f970986f09d6ae2,messagesgoel-blip,ClaudeCode,ClaudeCode,/home/sanjay/cacheflow_work/web/app/files/page.tsx; /home/sanjay/cacheflow_work/web/components/files/ActionBar.tsx,web/app/files/page.tsx; web/components/files/ActionBar.tsx,https://github.com/messagesgoel-blip/cacheflow/blob/main/web/app/files/page.tsx; https://github.com/messagesgoel-blip/cacheflow/blob/main/web/components/files/ActionBar.tsx
30,2,2.2,2.2@UPLOAD-1,Implement file upload with progress and toast,done,complete,100.0,True,True,True,2026-03-04T11:15:36+00:00,2026-03-05T20:15:11-05:00,2026-03-04T05:51:46-05:00,901d0586f6132e1f4e42939c8f970986f09d6ae2,messagesgoel-blip,OpenCode,OpenCode,/home/sanjay/cacheflow_work/web/app/api/remotes/[uuid]/upload/route.ts; /home/sanjay/cacheflow_work/lib/uploads/uploadManager.ts,web/app/api/remotes/[uuid]/upload/route.ts; lib/uploads/uploadManager.ts,https://github.com/messagesgoel-blip/cacheflow/blob/main/web/app/api/remotes/[uuid]/upload/route.ts; https://github.com/messagesgoel-blip/cacheflow/blob/main/lib/uploads/uploadManager.ts
31,2,2.3,2.3@ACTIONS-1,"File table: single click select + right panel, double click open",done,complete,100.0,True,False,False,2026-03-04T12:24:31+00:00,2026-03-04T16:27:42-05:00,2026-03-04T07:16:16-05:00,bc256cd43c5f78cd9494ab12e7be440855b218d7,messagesgoel-blip,ClaudeCode,ClaudeCode,/home/sanjay/cacheflow_work/web/components/files/FileTable.tsx; /home/sanjay/cacheflow_work/web/components/files/FileDetailPanel.tsx,web/components/files/FileTable.tsx; web/components/files/FileDetailPanel.tsx,https://github.com/messagesgoel-blip/cacheflow/blob/main/web/components/files/FileTable.tsx; https://github.com/messagesgoel-blip/cacheflow/blob/main/web/components/files/FileDetailPanel.tsx
32,2,2.4,2.4@ACTIONS-1,Three-dot row menu + right-click context menu (identical),done,complete,100.0,True,False,False,2026-03-04T12:24:41+00:00,2026-03-04T16:27:42-05:00,2026-03-04T07:16:16-05:00,bc256cd43c5f78cd9494ab12e7be440855b218d7,messagesgoel-blip,ClaudeCode,ClaudeCode,/home/sanjay/cacheflow_work/web/components/files/FileContextMenu.tsx; /home/sanjay/cacheflow_work/web/components/files/MultiSelectToolbar.tsx,web/components/files/FileContextMenu.tsx; web/components/files/MultiSelectToolbar.tsx,https://github.com/messagesgoel-blip/cacheflow/blob/main/web/components/files/FileContextMenu.tsx; https://github.com/messagesgoel-blip/cacheflow/blob/main/web/components/files/MultiSelectToolbar.tsx
33,2,2.5,2.5@ACTIONS-1,Write E2E tests for all file action entry points,done,complete,100.0,True,False,False,2026-03-04T12:16:04+00:00,2026-03-04T16:27:42-05:00,2026-03-04T05:51:46-05:00,901d0586f6132e1f4e42939c8f970986f09d6ae2,messagesgoel-blip,Gemini,Gemini,/home/sanjay/cacheflow_work/e2e/tests/fileActions.spec.ts,e2e/tests/fileActions.spec.ts,https://github.com/messagesgoel-blip/cacheflow/blob/main/e2e/tests/fileActions.spec.ts
34,2,2.6,2.6@PREVIEW-1,"Fix preview panel mount — ""Opening"" toast must open a panel; enforce CSP for image/PDF/text previews with Playwright zero-CSP-error verification",done,complete,100.0,True,False,False,2026-03-04T12:16:04+00:00,2026-03-08T11:15:24-04:00,2026-03-04T05:51:46-05:00,901d0586f6132e1f4e42939c8f970986f09d6ae2,messagesgoel-blip,ClaudeCode,ClaudeCode,/home/sanjay/cacheflow_work/web/components/PreviewPanel.tsx; /home/sanjay/cacheflow_work/web/components/UnifiedFileBrowser.tsx,web/components/PreviewPanel.tsx; web/components/UnifiedFileBrowser.tsx,https://github.com/messagesgoel-blip/cacheflow/blob/main/web/components/PreviewPanel.tsx; https://github.com/messagesgoel-blip/cacheflow/blob/main/web/components/UnifiedFileBrowser.tsx
35,2,2.7,2.7@PREVIEW-1,Unsupported file types: immediate Download CTA via server-proxied /api/remotes/{uuid}/download/{fileId}; never expose raw provider URLs,done,complete,100.0,True,False,False,2026-03-04T12:16:04+00:00,2026-03-08T11:15:24-04:00,2026-03-04T05:51:46-05:00,901d0586f6132e1f4e42939c8f970986f09d6ae2,messagesgoel-blip,ClaudeCode,ClaudeCode,/home/sanjay/cacheflow_work/web/components/PreviewPanel.tsx; /home/sanjay/cacheflow_work/web/components/UnifiedFileBrowser.tsx,web/components/PreviewPanel.tsx; web/components/UnifiedFileBrowser.tsx,https://github.com/messagesgoel-blip/cacheflow/blob/main/web/components/PreviewPanel.tsx; https://github.com/messagesgoel-blip/cacheflow/blob/main/web/components/UnifiedFileBrowser.tsx
36,2,2.8,2.8@PREVIEW-1,E2E preview tests — supported and unsupported types,done,complete,100.0,True,False,False,2026-03-04T12:16:04+00:00,2026-03-04T16:27:42-05:00,2026-03-04T05:51:46-05:00,901d0586f6132e1f4e42939c8f970986f09d6ae2,messagesgoel-blip,Gemini,Gemini,/home/sanjay/cacheflow_work/e2e/tests/filePreview.spec.ts,e2e/tests/filePreview.spec.ts,https://github.com/messagesgoel-blip/cacheflow/blob/main/e2e/tests/filePreview.spec.ts
37,2,2.9,2.9@NAV-1,Merge Cloud Drives / Providers / Integrations → Connections,done,complete,100.0,True,False,False,2026-03-04T12:16:04+00:00,2026-03-08T18:29:43-04:00,2026-03-04T05:51:46-05:00,901d0586f6132e1f4e42939c8f970986f09d6ae2,messagesgoel-blip,ClaudeCode,ClaudeCode,/home/sanjay/cacheflow_work/web/app/connections/page.tsx; /home/sanjay/cacheflow_work/web/components/Sidebar.tsx; /home/sanjay/cacheflow_work/web/components/ProviderHub.tsx,web/app/connections/page.tsx; web/components/Sidebar.tsx; web/components/ProviderHub.tsx,https://github.com/messagesgoel-blip/cacheflow/blob/main/web/app/connections/page.tsx; https://github.com/messagesgoel-blip/cacheflow/blob/main/web/components/Sidebar.tsx; https://github.com/messagesgoel-blip/cacheflow/blob/main/web/components/ProviderHub.tsx
38,2,2.10,2.10@RESP-1,"File table visual polish — skeleton loaders, hover, separators",done,complete,100.0,True,False,False,2026-03-04T12:24:41+00:00,2026-03-04T16:27:42-05:00,2026-03-04T07:16:16-05:00,bc256cd43c5f78cd9494ab12e7be440855b218d7,messagesgoel-blip,ClaudeCode,ClaudeCode,/home/sanjay/cacheflow_work/web/components/files/FileTable.tsx; /home/sanjay/cacheflow_work/web/components/Sidebar/AccountRow.tsx; /home/sanjay/cacheflow_work/web/styles/files.css,web/components/files/FileTable.tsx; web/components/Sidebar/AccountRow.tsx; web/styles/files.css,https://github.com/messagesgoel-blip/cacheflow/blob/main/web/components/files/FileTable.tsx; https://github.com/messagesgoel-blip/cacheflow/blob/main/web/components/Sidebar/AccountRow.tsx; https://github.com/messagesgoel-blip/cacheflow/blob/main/web/styles/files.css
39,2,2.11,2.11@RESP-1,Sidebar collapsible accordion per provider group,done,complete,100.0,True,False,False,2026-03-04T12:24:41+00:00,2026-03-04T16:27:42-05:00,2026-03-04T07:16:16-05:00,bc256cd43c5f78cd9494ab12e7be440855b218d7,messagesgoel-blip,ClaudeCode,ClaudeCode,/home/sanjay/cacheflow_work/web/components/Sidebar/ProviderGroup.tsx,web/components/Sidebar/ProviderGroup.tsx,https://github.com/messagesgoel-blip/cacheflow/blob/main/web/components/Sidebar/ProviderGroup.tsx
40,2,2.12,2.12@RESP-1,Responsive layout pass — 375px viewport minimum,done,complete,100.0,True,False,False,2026-03-04T12:24:41+00:00,2026-03-08T11:47:20-04:00,2026-03-04T07:16:16-05:00,bc256cd43c5f78cd9494ab12e7be440855b218d7,messagesgoel-blip,ClaudeCode,ClaudeCode,/home/sanjay/cacheflow_work/web/components/Sidebar; /home/sanjay/cacheflow_work/web/app/files/page.tsx; /home/sanjay/cacheflow_work/web/app/connections/page.tsx; /home/sanjay/cacheflow_work/web/styles/layout.css,web/components/Sidebar; web/app/files/page.tsx; web/app/connections/page.tsx; web/styles/layout.css,https://github.com/messagesgoel-blip/cacheflow/blob/main/web/components/Sidebar; https://github.com/messagesgoel-blip/cacheflow/blob/main/web/app/files/page.tsx; https://github.com/messagesgoel-blip/cacheflow/blob/main/web/app/connections/page.tsx; https://github.com/messagesgoel-blip/cacheflow/blob/main/web/styles/layout.css
41,2,2.13,2.13@2FA-1,"TOTP setup flow — QR generation, verification, backup codes",done,complete,100.0,True,True,True,2026-03-04T11:26:38+00:00,2026-03-06T12:46:14-05:00,2026-03-04T05:51:46-05:00,901d0586f6132e1f4e42939c8f970986f09d6ae2,messagesgoel-blip,OpenCode,OpenCode,/home/sanjay/cacheflow_work/app/api/auth/2fa; /home/sanjay/cacheflow_work/web/app/api/auth/2fa; /home/sanjay/cacheflow_work/web/app/api/auth/2fa/status; /home/sanjay/cacheflow_work/web/app/api/auth/2fa/disable; /home/sanjay/cacheflow_work/web/app/api/auth/2fa/verify; /home/sanjay/cacheflow_work/web/app/api/auth/2fa/setup; /home/sanjay/cacheflow_work/lib/auth/totp.ts; /home/sanjay/cacheflow_work/web/lib/auth/totp.ts; /home/sanjay/cacheflow_work/prisma/migrations/003_2fa,app/api/auth/2fa; web/app/api/auth/2fa; web/app/api/auth/2fa/status; web/app/api/auth/2fa/disable; web/app/api/auth/2fa/verify; web/app/api/auth/2fa/setup; lib/auth/totp.ts; web/lib/auth/totp.ts; prisma/migrations/003_2fa,https://github.com/messagesgoel-blip/cacheflow/blob/main/app/api/auth/2fa; https://github.com/messagesgoel-blip/cacheflow/blob/main/web/app/api/auth/2fa; https://github.com/messagesgoel-blip/cacheflow/blob/main/web/app/api/auth/2fa/status; https://github.com/messagesgoel-blip/cacheflow/blob/main/web/app/api/auth/2fa/disable; https://github.com/messagesgoel-blip/cacheflow/blob/main/web/app/api/auth/2fa/verify; https://github.com/messagesgoel-blip/cacheflow/blob/main/web/app/api/auth/2fa/setup; https://github.com/messagesgoel-blip/cacheflow/blob/main/lib/auth/totp.ts; https://github.com/messagesgoel-blip/cacheflow/blob/main/web/lib/auth/totp.ts; https://github.com/messagesgoel-blip/cacheflow/blob/main/prisma/migrations/003_2fa
42,2,2.14,2.14@2FA-1,TOTP login challenge UI,done,complete,100.0,True,False,False,2026-03-04T12:16:04+00:00,2026-03-03T10:53:53-05:00,2026-03-04T05:51:46-05:00,901d0586f6132e1f4e42939c8f970986f09d6ae2,messagesgoel-blip,ClaudeCode,ClaudeCode,/home/sanjay/cacheflow_work/web/app/auth/2fa-challenge/page.tsx; /home/sanjay/cacheflow_work/web/components/auth/TOTPInput.tsx,web/app/auth/2fa-challenge/page.tsx; web/components/auth/TOTPInput.tsx,https://github.com/messagesgoel-blip/cacheflow/blob/main/web/app/auth/2fa-challenge/page.tsx; https://github.com/messagesgoel-blip/cacheflow/blob/main/web/components/auth/TOTPInput.tsx
43,2,2.15,2.15@2FA-1,"Settings: manage 2FA, backup codes, last-used timestamp",done,complete,100.0,True,False,False,2026-03-04T12:16:04+00:00,2026-03-08T10:54:40-04:00,2026-03-04T05:51:46-05:00,901d0586f6132e1f4e42939c8f970986f09d6ae2,messagesgoel-blip,ClaudeCode,ClaudeCode,/home/sanjay/cacheflow_work/web/app/settings/security/page.tsx; /home/sanjay/cacheflow_work/web/components/settings/TwoFAPanel.tsx,web/app/settings/security/page.tsx; web/components/settings/TwoFAPanel.tsx,https://github.com/messagesgoel-blip/cacheflow/blob/main/web/app/settings/security/page.tsx; https://github.com/messagesgoel-blip/cacheflow/blob/main/web/components/settings/TwoFAPanel.tsx
44,2,2.16,2.16@2FA-1,E2E 2FA tests — full enable/use/disable cycle,done,complete,100.0,True,False,False,2026-03-04T12:16:04+00:00,2026-03-04T16:27:42-05:00,2026-03-04T05:51:46-05:00,901d0586f6132e1f4e42939c8f970986f09d6ae2,messagesgoel-blip,Gemini,Gemini,/home/sanjay/cacheflow_work/e2e/tests/twoFA.spec.ts,e2e/tests/twoFA.spec.ts,https://github.com/messagesgoel-blip/cacheflow/blob/main/e2e/tests/twoFA.spec.ts
45,2,OPS-E2E-READY,OPS-E2E-READY@QA-1,Add Playwright preflight wait-for-api on 127.0.0.1:8100,done,complete,100.0,True,True,True,2026-03-04T11:27:09+00:00,2026-03-07T01:56:50-05:00,2026-03-04T05:51:46-05:00,901d0586f6132e1f4e42939c8f970986f09d6ae2,messagesgoel-blip,OpenCode,OpenCode,/home/sanjay/cacheflow_work/web/playwright.config.ts; /home/sanjay/cacheflow_work/web/e2e/fixtures/global-setup.ts; /home/sanjay/cacheflow_work/web/e2e/fixtures/global-teardown.ts; /home/sanjay/cacheflow_work/web/e2e/fixtures/README.md,web/playwright.config.ts; web/e2e/fixtures/global-setup.ts; web/e2e/fixtures/global-teardown.ts; web/e2e/fixtures/README.md,https://github.com/messagesgoel-blip/cacheflow/blob/main/web/playwright.config.ts; https://github.com/messagesgoel-blip/cacheflow/blob/main/web/e2e/fixtures/global-setup.ts; https://github.com/messagesgoel-blip/cacheflow/blob/main/web/e2e/fixtures/global-teardown.ts; https://github.com/messagesgoel-blip/cacheflow/blob/main/web/e2e/fixtures/README.md
46,2,OPS-QA-WATCH,OPS-QA-WATCH@QA-1,"Run QA watcher loop: detect dependency unlocks, claim ready Gemini E2E tasks, and emit blocker reports",done,complete,100.0,True,False,False,2026-03-04T12:16:04+00:00,2026-03-08T18:28:35-04:00,2026-03-04T05:51:46-05:00,901d0586f6132e1f4e42939c8f970986f09d6ae2,messagesgoel-blip,Gemini,Gemini,/home/sanjay/cacheflow_work/web/e2e; /home/sanjay/cacheflow_work/web/e2e/tests; /home/sanjay/cacheflow_work/web/e2e/helpers; /home/sanjay/cacheflow_work/web/e2e/fixtures; /home/sanjay/cacheflow_work/web/e2e/tests/providers; /home/sanjay/cacheflow_work/monitoring/task_history.yaml; /home/sanjay/cacheflow_work/docs/prompts; /home/sanjay/cacheflow_work/BLOCKER_QA_SEED.md,web/e2e; web/e2e/tests; web/e2e/helpers; web/e2e/fixtures; web/e2e/tests/providers; monitoring/task_history.yaml; docs/prompts; BLOCKER_QA_SEED.md,https://github.com/messagesgoel-blip/cacheflow/blob/main/web/e2e; https://github.com/messagesgoel-blip/cacheflow/blob/main/web/e2e/tests; https://github.com/messagesgoel-blip/cacheflow/blob/main/web/e2e/helpers; https://github.com/messagesgoel-blip/cacheflow/blob/main/web/e2e/fixtures; https://github.com/messagesgoel-blip/cacheflow/blob/main/web/e2e/tests/providers; https://github.com/messagesgoel-blip/cacheflow/blob/main/monitoring/task_history.yaml; https://github.com/messagesgoel-blip/cacheflow/blob/main/docs/prompts; https://github.com/messagesgoel-blip/cacheflow/blob/main/BLOCKER_QA_SEED.md
47,2,UI-P1-T01,UI-P1-T01@HOLD-UI-2026-03-02,Fix Cloud Drives page empty or unclear connected state,done,complete,100.0,True,False,False,2026-03-04T12:16:04+00:00,2026-03-08T18:29:43-04:00,2026-03-04T05:51:46-05:00,901d0586f6132e1f4e42939c8f970986f09d6ae2,messagesgoel-blip,ClaudeCode,ClaudeCode,/home/sanjay/cacheflow_work/web/components/Sidebar.tsx; /home/sanjay/cacheflow_work/web/components/UnifiedFileBrowser.tsx; /home/sanjay/cacheflow_work/web/app/connections/page.tsx,web/components/Sidebar.tsx; web/components/UnifiedFileBrowser.tsx; web/app/connections/page.tsx,https://github.com/messagesgoel-blip/cacheflow/blob/main/web/components/Sidebar.tsx; https://github.com/messagesgoel-blip/cacheflow/blob/main/web/components/UnifiedFileBrowser.tsx; https://github.com/messagesgoel-blip/cacheflow/blob/main/web/app/connections/page.tsx
48,2,UI-P1-T02,UI-P1-T02@HOLD-UI-2026-03-02,Fix 401 proxy failures for connected remotes (/api/remotes/:id/proxy),done,complete,100.0,True,True,True,2026-03-04T11:30:41+00:00,2026-03-07T22:46:32-05:00,2026-03-04T05:51:46-05:00,901d0586f6132e1f4e42939c8f970986f09d6ae2,messagesgoel-blip,OpenCode,OpenCode,/home/sanjay/cacheflow_work/app/api/remotes/[uuid]/proxy/route.ts; /home/sanjay/cacheflow_work/web/app/api/remotes/[uuid]/proxy/route.ts; /home/sanjay/cacheflow_work/lib/apiClient.ts; /home/sanjay/cacheflow_work/web/lib/apiClient.ts; /home/sanjay/cacheflow_work/lib/interceptors/authInterceptor.ts; /home/sanjay/cacheflow_work/web/lib/interceptors/authInterceptor.ts,app/api/remotes/[uuid]/proxy/route.ts; web/app/api/remotes/[uuid]/proxy/route.ts; lib/apiClient.ts; web/lib/apiClient.ts; lib/interceptors/authInterceptor.ts; web/lib/interceptors/authInterceptor.ts,https://github.com/messagesgoel-blip/cacheflow/blob/main/app/api/remotes/[uuid]/proxy/route.ts; https://github.com/messagesgoel-blip/cacheflow/blob/main/web/app/api/remotes/[uuid]/proxy/route.ts; https://github.com/messagesgoel-blip/cacheflow/blob/main/lib/apiClient.ts; https://github.com/messagesgoel-blip/cacheflow/blob/main/web/lib/apiClient.ts; https://github.com/messagesgoel-blip/cacheflow/blob/main/lib/interceptors/authInterceptor.ts; https://github.com/messagesgoel-blip/cacheflow/blob/main/web/lib/interceptors/authInterceptor.ts
49,2,UI-P1-T03,UI-P1-T03@HOLD-UI-2026-03-02,Fix preview panel open reliability from file rows and overflow Open,done,complete,100.0,True,False,False,2026-03-04T12:24:41+00:00,2026-03-08T11:15:24-04:00,2026-03-04T07:16:16-05:00,bc256cd43c5f78cd9494ab12e7be440855b218d7,messagesgoel-blip,ClaudeCode,ClaudeCode,/home/sanjay/cacheflow_work/web/components/PreviewPanel.tsx; /home/sanjay/cacheflow_work/web/components/UnifiedFileBrowser.tsx,web/components/PreviewPanel.tsx; web/components/UnifiedFileBrowser.tsx,https://github.com/messagesgoel-blip/cacheflow/blob/main/web/components/PreviewPanel.tsx; https://github.com/messagesgoel-blip/cacheflow/blob/main/web/components/UnifiedFileBrowser.tsx
50,2,UI-P1-T04,UI-P1-T04@HOLD-UI-2026-03-02,Restore file actions path (rename/move/download/delete) for connected drives,done,complete,100.0,True,True,True,2026-03-04T11:34:51+00:00,2026-03-08T11:15:24-04:00,2026-03-04T05:51:46-05:00,901d0586f6132e1f4e42939c8f970986f09d6ae2,messagesgoel-blip,OpenCode,OpenCode,/home/sanjay/cacheflow_work/web/components/UnifiedFileBrowser.tsx; /home/sanjay/cacheflow_work/app/api/remotes/[uuid]; /home/sanjay/cacheflow_work/app/api/remotes/[uuid]/actions; /home/sanjay/cacheflow_work/app/api/remotes/[uuid]/proxy; /home/sanjay/cacheflow_work/app/api/remotes/[uuid]/actions/delete; /home/sanjay/cacheflow_work/app/api/remotes/[uuid]/actions/move; /home/sanjay/cacheflow_work/app/api/remotes/[uuid]/actions/rename; /home/sanjay/cacheflow_work/app/api/remotes/[uuid]/actions/download; /home/sanjay/cacheflow_work/web/app/api/remotes/[uuid]; /home/sanjay/cacheflow_work/web/app/api/remotes/[uuid]/upload; /home/sanjay/cacheflow_work/web/app/api/remotes/[uuid]/health; /home/sanjay/cacheflow_work/web/app/api/remotes/[uuid]/proxy,web/components/UnifiedFileBrowser.tsx; app/api/remotes/[uuid]; app/api/remotes/[uuid]/actions; app/api/remotes/[uuid]/proxy; app/api/remotes/[uuid]/actions/delete; app/api/remotes/[uuid]/actions/move; app/api/remotes/[uuid]/actions/rename; app/api/remotes/[uuid]/actions/download; web/app/api/remotes/[uuid]; web/app/api/remotes/[uuid]/upload; web/app/api/remotes/[uuid]/health; web/app/api/remotes/[uuid]/proxy,https://github.com/messagesgoel-blip/cacheflow/blob/main/web/components/UnifiedFileBrowser.tsx; https://github.com/messagesgoel-blip/cacheflow/blob/main/app/api/remotes/[uuid]; https://github.com/messagesgoel-blip/cacheflow/blob/main/app/api/remotes/[uuid]/actions; https://github.com/messagesgoel-blip/cacheflow/blob/main/app/api/remotes/[uuid]/proxy; https://github.com/messagesgoel-blip/cacheflow/blob/main/app/api/remotes/[uuid]/actions/delete; https://github.com/messagesgoel-blip/cacheflow/blob/main/app/api/remotes/[uuid]/actions/move; https://github.com/messagesgoel-blip/cacheflow/blob/main/app/api/remotes/[uuid]/actions/rename; https://github.com/messagesgoel-blip/cacheflow/blob/main/app/api/remotes/[uuid]/actions/download; https://github.com/messagesgoel-blip/cacheflow/blob/main/web/app/api/remotes/[uuid]; https://github.com/messagesgoel-blip/cacheflow/blob/main/web/app/api/remotes/[uuid]/upload; https://github.com/messagesgoel-blip/cacheflow/blob/main/web/app/api/remotes/[uuid]/health; https://github.com/messagesgoel-blip/cacheflow/blob/main/web/app/api/remotes/[uuid]/proxy
51,2,UI-P1-T05,UI-P1-T05@HOLD-UI-2026-03-02,Add explicit UI error surfaces for failed sync/proxy/favorites requests,done,complete,100.0,True,True,True,2026-03-04T11:37:41+00:00,2026-03-08T11:15:24-04:00,2026-03-04T05:51:46-05:00,901d0586f6132e1f4e42939c8f970986f09d6ae2,messagesgoel-blip,OpenCode,OpenCode,/home/sanjay/cacheflow_work/web/components/UnifiedFileBrowser.tsx; /home/sanjay/cacheflow_work/web/lib/ui/toast.ts; /home/sanjay/cacheflow_work/web/app/api/connections/route.ts,web/components/UnifiedFileBrowser.tsx; web/lib/ui/toast.ts; web/app/api/connections/route.ts,https://github.com/messagesgoel-blip/cacheflow/blob/main/web/components/UnifiedFileBrowser.tsx; https://github.com/messagesgoel-blip/cacheflow/blob/main/web/lib/ui/toast.ts; https://github.com/messagesgoel-blip/cacheflow/blob/main/web/app/api/connections/route.ts
52,2,UI-P1-T06,UI-P1-T06@HOLD-UI-2026-03-02,"Add clear loading, empty, and error state cards in file pane",done,complete,100.0,True,False,False,2026-03-04T12:16:04+00:00,2026-03-08T18:29:43-04:00,2026-03-04T05:51:46-05:00,901d0586f6132e1f4e42939c8f970986f09d6ae2,messagesgoel-blip,ClaudeCode,ClaudeCode,/home/sanjay/cacheflow_work/web/components/UnifiedFileBrowser.tsx; /home/sanjay/cacheflow_work/web/components/Sidebar.tsx,web/components/UnifiedFileBrowser.tsx; web/components/Sidebar.tsx,https://github.com/messagesgoel-blip/cacheflow/blob/main/web/components/UnifiedFileBrowser.tsx; https://github.com/messagesgoel-blip/cacheflow/blob/main/web/components/Sidebar.tsx
53,3,3.1,3.1@TRANSFER-1,Persistent Transfer Manager Tray — always visible when active,done,complete,100.0,True,False,False,2026-03-04T14:08:23+00:00,2026-03-08T10:42:49-04:00,2026-03-04T07:38:26-05:00,235284f4a903082904452ff62fd96b04636cbe01,messagesgoel-blip,ClaudeCode,ClaudeCode,/home/sanjay/cacheflow_work/web/components/transfers/TransferTray.tsx; /home/sanjay/cacheflow_work/web/components/transfers/TransferItem.tsx; /home/sanjay/cacheflow_work/web/context/TransferContext.tsx,web/components/transfers/TransferTray.tsx; web/components/transfers/TransferItem.tsx; web/context/TransferContext.tsx,https://github.com/messagesgoel-blip/cacheflow/blob/main/web/components/transfers/TransferTray.tsx; https://github.com/messagesgoel-blip/cacheflow/blob/main/web/components/transfers/TransferItem.tsx; https://github.com/messagesgoel-blip/cacheflow/blob/main/web/context/TransferContext.tsx
54,3,3.2,3.2@SSE-1,Server-Sent Events (SSE) for real-time transfer progress,done,complete,100.0,True,True,True,2026-03-04T12:45:11+00:00,2026-03-04T16:27:42-05:00,2026-03-04T07:38:26-05:00,235284f4a903082904452ff62fd96b04636cbe01,messagesgoel-blip,OpenCode,OpenCode,/home/sanjay/cacheflow_work/app/api/transfers/[id]/progress/route.ts; /home/sanjay/cacheflow_work/lib/transfers/progressEmitter.ts,app/api/transfers/[id]/progress/route.ts; lib/transfers/progressEmitter.ts,https://github.com/messagesgoel-blip/cacheflow/blob/main/app/api/transfers/[id]/progress/route.ts; https://github.com/messagesgoel-blip/cacheflow/blob/main/lib/transfers/progressEmitter.ts
55,3,3.3,3.3@TRANSFER-1,Every file operation produces tray entry + toast,done,complete,100.0,True,True,True,2026-03-04T12:52:36+00:00,2026-03-05T20:15:11-05:00,2026-03-04T07:38:26-05:00,235284f4a903082904452ff62fd96b04636cbe01,messagesgoel-blip,OpenCode,OpenCode,/home/sanjay/cacheflow_work/lib/transfers/transferRegistry.ts; /home/sanjay/cacheflow_work/app/api/remotes/[uuid]/proxy/route.ts; /home/sanjay/cacheflow_work/app/api/remotes/[uuid]/actions/delete/route.ts; /home/sanjay/cacheflow_work/app/api/remotes/[uuid]/actions/move/route.ts; /home/sanjay/cacheflow_work/app/api/remotes/[uuid]/actions/rename/route.ts; /home/sanjay/cacheflow_work/app/api/remotes/[uuid]/actions/download/route.ts; /home/sanjay/cacheflow_work/web/app/api/remotes/[uuid]/upload/route.ts; /home/sanjay/cacheflow_work/web/app/api/remotes/[uuid]/health/route.ts; /home/sanjay/cacheflow_work/web/app/api/remotes/[uuid]/proxy/route.ts,lib/transfers/transferRegistry.ts; app/api/remotes/[uuid]/proxy/route.ts; app/api/remotes/[uuid]/actions/delete/route.ts; app/api/remotes/[uuid]/actions/move/route.ts; app/api/remotes/[uuid]/actions/rename/route.ts; app/api/remotes/[uuid]/actions/download/route.ts; web/app/api/remotes/[uuid]/upload/route.ts; web/app/api/remotes/[uuid]/health/route.ts; web/app/api/remotes/[uuid]/proxy/route.ts,https://github.com/messagesgoel-blip/cacheflow/blob/main/lib/transfers/transferRegistry.ts; https://github.com/messagesgoel-blip/cacheflow/blob/main/app/api/remotes/[uuid]/proxy/route.ts; https://github.com/messagesgoel-blip/cacheflow/blob/main/app/api/remotes/[uuid]/actions/delete/route.ts; https://github.com/messagesgoel-blip/cacheflow/blob/main/app/api/remotes/[uuid]/actions/move/route.ts; https://github.com/messagesgoel-blip/cacheflow/blob/main/app/api/remotes/[uuid]/actions/rename/route.ts; https://github.com/messagesgoel-blip/cacheflow/blob/main/app/api/remotes/[uuid]/actions/download/route.ts; https://github.com/messagesgoel-blip/cacheflow/blob/main/web/app/api/remotes/[uuid]/upload/route.ts; https://github.com/messagesgoel-blip/cacheflow/blob/main/web/app/api/remotes/[uuid]/health/route.ts; https://github.com/messagesgoel-blip/cacheflow/blob/main/web/app/api/remotes/[uuid]/proxy/route.ts
56,3,3.4,3.4@TRANSFER-1,"Tray E2E — entry survives navigation, retry works on failure",done,complete,100.0,True,False,False,2026-03-04T14:08:27+00:00,2026-03-06T07:55:21-05:00,2026-03-04T07:38:26-05:00,235284f4a903082904452ff62fd96b04636cbe01,messagesgoel-blip,Gemini,Gemini,/home/sanjay/cacheflow_work/web/e2e/tests/transferTray.spec.ts,web/e2e/tests/transferTray.spec.ts,https://github.com/messagesgoel-blip/cacheflow/blob/main/web/e2e/tests/transferTray.spec.ts
57,3,3.5,3.5@TRANSFER-1,Chunked upload: files >50MB use provider resumable upload APIs,done,complete,100.0,True,True,True,2026-03-04T12:57:05+00:00,2026-03-04T16:27:42-05:00,2026-03-04T07:38:26-05:00,235284f4a903082904452ff62fd96b04636cbe01,messagesgoel-blip,OpenCode,OpenCode,/home/sanjay/cacheflow_work/lib/providers/googleDrive/chunkedUpload.ts; /home/sanjay/cacheflow_work/lib/providers/onedrive/chunkedUpload.ts; /home/sanjay/cacheflow_work/lib/providers/dropbox/chunkedUpload.ts,lib/providers/googleDrive/chunkedUpload.ts; lib/providers/onedrive/chunkedUpload.ts; lib/providers/dropbox/chunkedUpload.ts,https://github.com/messagesgoel-blip/cacheflow/blob/main/lib/providers/googleDrive/chunkedUpload.ts; https://github.com/messagesgoel-blip/cacheflow/blob/main/lib/providers/onedrive/chunkedUpload.ts; https://github.com/messagesgoel-blip/cacheflow/blob/main/lib/providers/dropbox/chunkedUpload.ts
58,3,3.6,3.6@TRANSFER-1,Auto-resume: resume interrupted upload from last successful chunk,done,complete,100.0,True,True,True,2026-03-04T13:00:42+00:00,2026-03-06T12:46:14-05:00,2026-03-04T07:38:26-05:00,235284f4a903082904452ff62fd96b04636cbe01,messagesgoel-blip,OpenCode,OpenCode,/home/sanjay/cacheflow_work/app/api/transfers/[id]/chunks/route.ts; /home/sanjay/cacheflow_work/lib/transfers/chunkStateManager.ts,app/api/transfers/[id]/chunks/route.ts; lib/transfers/chunkStateManager.ts,https://github.com/messagesgoel-blip/cacheflow/blob/main/app/api/transfers/[id]/chunks/route.ts; https://github.com/messagesgoel-blip/cacheflow/blob/main/lib/transfers/chunkStateManager.ts
59,3,3.7,3.7@TRANSFER-1,Tray: chunk-level progress for large files,done,complete,100.0,True,False,False,2026-03-04T14:08:27+00:00,2026-03-08T10:42:49-04:00,2026-03-04T07:38:26-05:00,235284f4a903082904452ff62fd96b04636cbe01,messagesgoel-blip,ClaudeCode,ClaudeCode,/home/sanjay/cacheflow_work/web/components/transfers/TransferItem.tsx,web/components/transfers/TransferItem.tsx,https://github.com/messagesgoel-blip/cacheflow/blob/main/web/components/transfers/TransferItem.tsx
60,3,3.8,3.8@TRANSFER-1,Auto-resume E2E test — network drop mid-transfer ⚠️ Human verify,done,complete,100.0,True,False,False,2026-03-04T14:27:22+00:00,2026-03-06T17:33:41-05:00,2026-03-04T07:38:26-05:00,235284f4a903082904452ff62fd96b04636cbe01,messagesgoel-blip,ClaudeCode,ClaudeCode,/home/sanjay/cacheflow_work/web/e2e/tests/chunkedResume.spec.ts,web/e2e/tests/chunkedResume.spec.ts,https://github.com/messagesgoel-blip/cacheflow/blob/main/web/e2e/tests/chunkedResume.spec.ts
61,3,3.9,3.9@ZERODISK-1,Server streams source → CacheFlow → target without disk write,done,complete,100.0,True,True,True,2026-03-04T13:03:28+00:00,2026-03-04T16:27:42-05:00,2026-03-04T07:38:26-05:00,235284f4a903082904452ff62fd96b04636cbe01,messagesgoel-blip,OpenCode,OpenCode,/home/sanjay/cacheflow_work/lib/transfers/streamTransfer.ts,lib/transfers/streamTransfer.ts,https://github.com/messagesgoel-blip/cacheflow/blob/main/lib/transfers/streamTransfer.ts
62,3,3.10,3.10@SSE-1,BullMQ background job queue for async transfers,done,complete,100.0,True,True,True,2026-03-04T13:08:09+00:00,2026-03-06T12:46:14-05:00,2026-03-04T07:38:26-05:00,235284f4a903082904452ff62fd96b04636cbe01,messagesgoel-blip,OpenCode,OpenCode,/home/sanjay/cacheflow_work/lib/queue/transferQueue.ts; /home/sanjay/cacheflow_work/lib/queue/workers/transferWorker.ts,lib/queue/transferQueue.ts; lib/queue/workers/transferWorker.ts,https://github.com/messagesgoel-blip/cacheflow/blob/main/lib/queue/transferQueue.ts; https://github.com/messagesgoel-blip/cacheflow/blob/main/lib/queue/workers/transferWorker.ts
63,3,3.11,3.11@TRANSFER-1,Conflict resolution modal — shared component used everywhere,done,complete,100.0,True,False,False,2026-03-04T14:23:24+00:00,2026-03-04T16:27:42-05:00,2026-03-04T07:38:26-05:00,235284f4a903082904452ff62fd96b04636cbe01,messagesgoel-blip,ClaudeCode,ClaudeCode,/home/sanjay/cacheflow_work/web/components/transfers/ConflictResolutionModal.tsx,web/components/transfers/ConflictResolutionModal.tsx,https://github.com/messagesgoel-blip/cacheflow/blob/main/web/components/transfers/ConflictResolutionModal.tsx
64,3,3.12,3.12@ZERODISK-1,Zero-disk verification test + tab-close survival test ⚠️ Human verify,done,complete,100.0,True,False,False,2026-03-04T14:23:24+00:00,2026-03-06T17:33:41-05:00,2026-03-04T07:38:26-05:00,235284f4a903082904452ff62fd96b04636cbe01,messagesgoel-blip,Gemini,Gemini,/home/sanjay/cacheflow_work/web/e2e/tests/zeroDiskTransfer.spec.ts,web/e2e/tests/zeroDiskTransfer.spec.ts,https://github.com/messagesgoel-blip/cacheflow/blob/main/web/e2e/tests/zeroDiskTransfer.spec.ts
65,3,3.13,3.13@SCHED-1,Storage pooling dashboard — promote aggregate to hero position,done,complete,100.0,True,False,False,2026-03-04T14:23:24+00:00,2026-03-08T18:34:09-04:00,2026-03-04T07:38:26-05:00,235284f4a903082904452ff62fd96b04636cbe01,messagesgoel-blip,ClaudeCode,ClaudeCode,/home/sanjay/cacheflow_work/web/app/dashboard/page.tsx; /home/sanjay/cacheflow_work/web/components/dashboard/StorageHero.tsx; /home/sanjay/cacheflow_work/web/components/dashboard/ProviderCapacityBar.tsx,web/app/dashboard/page.tsx; web/components/dashboard/StorageHero.tsx; web/components/dashboard/ProviderCapacityBar.tsx,https://github.com/messagesgoel-blip/cacheflow/blob/main/web/app/dashboard/page.tsx; https://github.com/messagesgoel-blip/cacheflow/blob/main/web/components/dashboard/StorageHero.tsx; https://github.com/messagesgoel-blip/cacheflow/blob/main/web/components/dashboard/ProviderCapacityBar.tsx
66,3,3.14,3.14@SYNC-1,Provider health indicators — green means it actually works,done,complete,100.0,True,True,True,2026-03-04T13:16:21+00:00,2026-03-05T20:15:11-05:00,2026-03-04T07:38:26-05:00,235284f4a903082904452ff62fd96b04636cbe01,messagesgoel-blip,OpenCode,OpenCode,/home/sanjay/cacheflow_work/lib/providers/healthCheck.ts; /home/sanjay/cacheflow_work/web/lib/providers/healthCheck.ts; /home/sanjay/cacheflow_work/web/app/api/connections/health/route.ts,lib/providers/healthCheck.ts; web/lib/providers/healthCheck.ts; web/app/api/connections/health/route.ts,https://github.com/messagesgoel-blip/cacheflow/blob/main/lib/providers/healthCheck.ts; https://github.com/messagesgoel-blip/cacheflow/blob/main/web/lib/providers/healthCheck.ts; https://github.com/messagesgoel-blip/cacheflow/blob/main/web/app/api/connections/health/route.ts
67,3,3.15,3.15@TRANSFER-1,Rate limit handling layer — per-provider request queue,done,complete,100.0,True,True,True,2026-03-04T13:20:01+00:00,2026-03-07T22:46:32-05:00,2026-03-04T07:38:26-05:00,235284f4a903082904452ff62fd96b04636cbe01,messagesgoel-blip,OpenCode,OpenCode,/home/sanjay/cacheflow_work/lib/providers/rateLimitQueue.ts; /home/sanjay/cacheflow_work/lib/apiClient.ts; /home/sanjay/cacheflow_work/web/lib/apiClient.ts,lib/providers/rateLimitQueue.ts; lib/apiClient.ts; web/lib/apiClient.ts,https://github.com/messagesgoel-blip/cacheflow/blob/main/lib/providers/rateLimitQueue.ts; https://github.com/messagesgoel-blip/cacheflow/blob/main/lib/apiClient.ts; https://github.com/messagesgoel-blip/cacheflow/blob/main/web/lib/apiClient.ts
68,3,3.16,3.16@SYNC-1,Dashboard + health E2E tests,done,complete,100.0,True,False,False,2026-03-04T14:23:24+00:00,2026-03-06T17:33:41-05:00,2026-03-04T07:38:26-05:00,235284f4a903082904452ff62fd96b04636cbe01,messagesgoel-blip,Gemini,Gemini,/home/sanjay/cacheflow_work/web/e2e/tests/storageDashboard.spec.ts,web/e2e/tests/storageDashboard.spec.ts,https://github.com/messagesgoel-blip/cacheflow/blob/main/web/e2e/tests/storageDashboard.spec.ts
69,4,4.1,4.1@AUTH-1,Define provider parity checklist — every provider must pass all 5,done,complete,100.0,True,True,True,2026-03-04T15:08:40+00:00,2026-03-04T16:27:42-05:00,2026-03-04T07:38:26-05:00,235284f4a903082904452ff62fd96b04636cbe01,messagesgoel-blip,Codex,Codex,/home/sanjay/cacheflow_work/docs/provider-parity.md; /home/sanjay/cacheflow_work/lib/providers/ProviderAdapter.interface.ts,docs/provider-parity.md; lib/providers/ProviderAdapter.interface.ts,https://github.com/messagesgoel-blip/cacheflow/blob/main/docs/provider-parity.md; https://github.com/messagesgoel-blip/cacheflow/blob/main/lib/providers/ProviderAdapter.interface.ts
70,4,4.2,4.2@AUTH-1,Add 2–3 additional providers to reach 3–4 gold-standard total,done,complete,100.0,True,True,True,2026-03-04T15:16:00+00:00,2026-03-06T12:46:14-05:00,2026-03-04T07:38:26-05:00,235284f4a903082904452ff62fd96b04636cbe01,messagesgoel-blip,OpenCode,OpenCode,/home/sanjay/cacheflow_work/lib/providers/box; /home/sanjay/cacheflow_work/lib/providers/pcloud; /home/sanjay/cacheflow_work/lib/providers/yandex,lib/providers/box; lib/providers/pcloud; lib/providers/yandex,https://github.com/messagesgoel-blip/cacheflow/blob/main/lib/providers/box; https://github.com/messagesgoel-blip/cacheflow/blob/main/lib/providers/pcloud; https://github.com/messagesgoel-blip/cacheflow/blob/main/lib/providers/yandex
71,4,4.3,4.3@AUTH-1,E2E parity tests for each new provider,done,complete,100.0,True,False,False,2026-03-04T16:04:02+00:00,2026-03-04T21:08:00-05:00,2026-03-04T07:38:26-05:00,235284f4a903082904452ff62fd96b04636cbe01,messagesgoel-blip,Gemini,Gemini,/home/sanjay/cacheflow_work/web/e2e/tests/providers/box.spec.ts; /home/sanjay/cacheflow_work/web/e2e/tests/providers/pcloud.spec.ts,web/e2e/tests/providers/box.spec.ts; web/e2e/tests/providers/pcloud.spec.ts,https://github.com/messagesgoel-blip/cacheflow/blob/main/web/e2e/tests/providers/box.spec.ts; https://github.com/messagesgoel-blip/cacheflow/blob/main/web/e2e/tests/providers/pcloud.spec.ts
72,4,4.4,4.4@SEC-1,SSH2 connection manager with LRU session reuse,done,complete,100.0,True,True,True,2026-03-04T15:21:49+00:00,2026-03-06T12:46:14-05:00,2026-03-04T07:38:26-05:00,235284f4a903082904452ff62fd96b04636cbe01,messagesgoel-blip,OpenCode,OpenCode,/home/sanjay/cacheflow_work/lib/providers/vps/sshConnectionManager.ts; /home/sanjay/cacheflow_work/lib/providers/vps/VPSAdapter.ts,lib/providers/vps/sshConnectionManager.ts; lib/providers/vps/VPSAdapter.ts,https://github.com/messagesgoel-blip/cacheflow/blob/main/lib/providers/vps/sshConnectionManager.ts; https://github.com/messagesgoel-blip/cacheflow/blob/main/lib/providers/vps/VPSAdapter.ts
73,4,4.5,4.5@SEC-1,AES-256-GCM encrypted credential storage for VPS/WebDAV,done,complete,100.0,True,True,True,2026-03-04T15:28:56+00:00,2026-03-04T16:27:42-05:00,2026-03-04T07:38:26-05:00,235284f4a903082904452ff62fd96b04636cbe01,messagesgoel-blip,OpenCode,OpenCode,/home/sanjay/cacheflow_work/lib/vault/credentialVault.ts; /home/sanjay/cacheflow_work/app/api/connections/vps/route.ts,lib/vault/credentialVault.ts; app/api/connections/vps/route.ts,https://github.com/messagesgoel-blip/cacheflow/blob/main/lib/vault/credentialVault.ts; https://github.com/messagesgoel-blip/cacheflow/blob/main/app/api/connections/vps/route.ts
74,4,4.6,4.6@SEC-1,VPS parity test + credential security test,done,complete,100.0,True,False,False,2026-03-04T16:04:10+00:00,2026-03-07T22:46:32-05:00,2026-03-04T07:38:26-05:00,235284f4a903082904452ff62fd96b04636cbe01,messagesgoel-blip,Gemini,Gemini,/home/sanjay/cacheflow_work/web/e2e/tests/providers/vps.spec.ts,web/e2e/tests/providers/vps.spec.ts,https://github.com/messagesgoel-blip/cacheflow/blob/main/web/e2e/tests/providers/vps.spec.ts
75,4,4.7,4.7@2FA-1,Share link creation — enforce 2FA scope selected in /docs/decisions/share-link-2fa-scope.md (all links vs password-only),done,complete,100.0,True,True,True,2026-03-04T15:33:15+00:00,2026-03-04T16:27:42-05:00,2026-03-04T07:38:26-05:00,235284f4a903082904452ff62fd96b04636cbe01,messagesgoel-blip,OpenCode,OpenCode,/home/sanjay/cacheflow_work/app/api/share/route.ts; /home/sanjay/cacheflow_work/lib/share/shareLinkService.ts,app/api/share/route.ts; lib/share/shareLinkService.ts,https://github.com/messagesgoel-blip/cacheflow/blob/main/app/api/share/route.ts; https://github.com/messagesgoel-blip/cacheflow/blob/main/lib/share/shareLinkService.ts
76,4,4.8,4.8@SHARE-1,Share link proxy — hides underlying provider,done,complete,100.0,True,True,True,2026-03-04T15:34:18+00:00,2026-03-04T16:27:42-05:00,2026-03-04T07:38:26-05:00,235284f4a903082904452ff62fd96b04636cbe01,messagesgoel-blip,OpenCode,OpenCode,/home/sanjay/cacheflow_work/app/s/[linkId]/route.ts,app/s/[linkId]/route.ts,https://github.com/messagesgoel-blip/cacheflow/blob/main/app/s/[linkId]/route.ts
77,4,4.9,4.9@SHARE-1,"Abuse controls — rate limits, throttling, link access logging",done,complete,100.0,True,True,True,2026-03-04T15:39:02+00:00,2026-03-04T16:27:42-05:00,2026-03-04T07:38:26-05:00,235284f4a903082904452ff62fd96b04636cbe01,messagesgoel-blip,OpenCode,OpenCode,/home/sanjay/cacheflow_work/lib/share/abuseControls.ts; /home/sanjay/cacheflow_work/app/api/share/[id]/revoke/route.ts,lib/share/abuseControls.ts; app/api/share/[id]/revoke/route.ts,https://github.com/messagesgoel-blip/cacheflow/blob/main/lib/share/abuseControls.ts; https://github.com/messagesgoel-blip/cacheflow/blob/main/app/api/share/[id]/revoke/route.ts
78,4,4.10,4.10@2FA-1,Share link UI — right-click → Get Share Link panel; 2FA prompt behavior must match /docs/decisions/share-link-2fa-scope.md,done,complete,100.0,True,False,False,2026-03-04T16:04:10+00:00,2026-03-06T12:46:14-05:00,2026-03-04T07:38:26-05:00,235284f4a903082904452ff62fd96b04636cbe01,messagesgoel-blip,ClaudeCode,ClaudeCode,/home/sanjay/cacheflow_work/web/components/share/ShareLinkPanel.tsx; /home/sanjay/cacheflow_work/web/components/share/ShareLinkList.tsx,web/components/share/ShareLinkPanel.tsx; web/components/share/ShareLinkList.tsx,https://github.com/messagesgoel-blip/cacheflow/blob/main/web/components/share/ShareLinkPanel.tsx; https://github.com/messagesgoel-blip/cacheflow/blob/main/web/components/share/ShareLinkList.tsx
79,4,4.11,4.11@SHARE-1,"E2E share link tests — create, access, expire, revoke",done,complete,100.0,True,False,False,2026-03-04T16:04:10+00:00,2026-03-04T23:14:30-05:00,2026-03-04T07:38:26-05:00,235284f4a903082904452ff62fd96b04636cbe01,messagesgoel-blip,Gemini,Gemini,/home/sanjay/cacheflow_work/web/e2e/tests/shareLinks.spec.ts,web/e2e/tests/shareLinks.spec.ts,https://github.com/messagesgoel-blip/cacheflow/blob/main/web/e2e/tests/shareLinks.spec.ts
80,4,4.12,4.12@TRANSFER-1,Remote upload v1 — HTTP/HTTPS URL to chosen provider,done,complete,100.0,True,True,True,2026-03-04T15:43:30+00:00,2026-03-08T19:24:19-04:00,2026-03-04T07:38:26-05:00,235284f4a903082904452ff62fd96b04636cbe01,messagesgoel-blip,OpenCode,OpenCode,/home/sanjay/cacheflow_work/web/app/api/remote-upload/route.ts; /home/sanjay/cacheflow_work/lib/transfers/remoteUpload.ts; /home/sanjay/cacheflow_work/web/lib/transfers/remoteUpload.ts,web/app/api/remote-upload/route.ts; lib/transfers/remoteUpload.ts; web/lib/transfers/remoteUpload.ts,https://github.com/messagesgoel-blip/cacheflow/blob/main/web/app/api/remote-upload/route.ts; https://github.com/messagesgoel-blip/cacheflow/blob/main/lib/transfers/remoteUpload.ts; https://github.com/messagesgoel-blip/cacheflow/blob/main/web/lib/transfers/remoteUpload.ts
81,4,4.13,4.13@TRANSFER-1,Smart auto-placement engine v1,done,complete,100.0,True,True,True,2026-03-04T15:46:34+00:00,2026-03-06T12:46:14-05:00,2026-03-04T07:38:26-05:00,235284f4a903082904452ff62fd96b04636cbe01,messagesgoel-blip,OpenCode,OpenCode,/home/sanjay/cacheflow_work/lib/placement/autoPlacementEngine.ts,lib/placement/autoPlacementEngine.ts,https://github.com/messagesgoel-blip/cacheflow/blob/main/lib/placement/autoPlacementEngine.ts
82,4,4.14,4.14@TRANSFER-1,Remote upload UI — dropdown in Upload action menu,done,complete,100.0,True,False,False,2026-03-04T16:04:10+00:00,2026-03-04T16:27:42-05:00,2026-03-04T07:38:26-05:00,235284f4a903082904452ff62fd96b04636cbe01,messagesgoel-blip,ClaudeCode,ClaudeCode,/home/sanjay/cacheflow_work/web/components/files/ActionBar.tsx; /home/sanjay/cacheflow_work/web/components/files/RemoteUploadModal.tsx,web/components/files/ActionBar.tsx; web/components/files/RemoteUploadModal.tsx,https://github.com/messagesgoel-blip/cacheflow/blob/main/web/components/files/ActionBar.tsx; https://github.com/messagesgoel-blip/cacheflow/blob/main/web/components/files/RemoteUploadModal.tsx
83,4,4.15,4.15@TRANSFER-1,E2E remote upload + placement tests,done,complete,100.0,True,False,False,2026-03-04T16:04:10+00:00,2026-03-06T17:33:41-05:00,2026-03-04T07:38:26-05:00,235284f4a903082904452ff62fd96b04636cbe01,messagesgoel-blip,Gemini,Gemini,/home/sanjay/cacheflow_work/web/e2e/tests/remoteUpload.spec.ts,web/e2e/tests/remoteUpload.spec.ts,https://github.com/messagesgoel-blip/cacheflow/blob/main/web/e2e/tests/remoteUpload.spec.ts
84,5,5.1,5.1@SCHED-1,Scheduled job data model and Schedules management UI,done,complete,100.0,True,True,True,2026-03-05T04:22:00+00:00,2026-03-08T20:22:47-04:00,2026-03-04T23:14:40-05:00,44328c374b6b62f4a0f3ad291546b4a0a91a71ff,messagesgoel-blip,OpenCode,OpenCode,/home/sanjay/cacheflow_work/prisma/migrations/004_scheduled_jobs; /home/sanjay/cacheflow_work/app/api/jobs/route.ts; /home/sanjay/cacheflow_work/web/app/api/jobs/route.ts; /home/sanjay/cacheflow_work/lib/jobs/scheduledJobService.ts; /home/sanjay/cacheflow_work/web/lib/jobs/scheduledJobService.ts,prisma/migrations/004_scheduled_jobs; app/api/jobs/route.ts; web/app/api/jobs/route.ts; lib/jobs/scheduledJobService.ts; web/lib/jobs/scheduledJobService.ts,https://github.com/messagesgoel-blip/cacheflow/blob/main/prisma/migrations/004_scheduled_jobs; https://github.com/messagesgoel-blip/cacheflow/blob/main/app/api/jobs/route.ts; https://github.com/messagesgoel-blip/cacheflow/blob/main/web/app/api/jobs/route.ts; https://github.com/messagesgoel-blip/cacheflow/blob/main/lib/jobs/scheduledJobService.ts; https://github.com/messagesgoel-blip/cacheflow/blob/main/web/lib/jobs/scheduledJobService.ts
85,5,5.2,5.2@SCHED-1,"BullMQ cron worker — jobs run server-side, browser closed",done,complete,100.0,True,True,True,2026-03-05T04:28:00+00:00,2026-03-08T19:02:25-04:00,2026-03-04T23:14:40-05:00,44328c374b6b62f4a0f3ad291546b4a0a91a71ff,messagesgoel-blip,OpenCode,OpenCode,/home/sanjay/cacheflow_work/lib/queue/workers/scheduledJobWorker.ts; /home/sanjay/cacheflow_work/lib/jobs/jobEngine.ts,lib/queue/workers/scheduledJobWorker.ts; lib/jobs/jobEngine.ts,https://github.com/messagesgoel-blip/cacheflow/blob/main/lib/queue/workers/scheduledJobWorker.ts; https://github.com/messagesgoel-blip/cacheflow/blob/main/lib/jobs/jobEngine.ts
86,5,5.3,5.3@SCHED-1,"Schedules page UI — create, edit, pause, delete jobs",done,complete,100.0,True,False,False,2026-03-05T05:04:26+00:00,2026-03-08T19:02:25-04:00,2026-03-04T23:14:40-05:00,44328c374b6b62f4a0f3ad291546b4a0a91a71ff,messagesgoel-blip,ClaudeCode,ClaudeCode,/home/sanjay/cacheflow_work/web/app/schedules/page.tsx; /home/sanjay/cacheflow_work/web/components/schedules/JobCard.tsx; /home/sanjay/cacheflow_work/web/components/schedules/CreateJobModal.tsx,web/app/schedules/page.tsx; web/components/schedules/JobCard.tsx; web/components/schedules/CreateJobModal.tsx,https://github.com/messagesgoel-blip/cacheflow/blob/main/web/app/schedules/page.tsx; https://github.com/messagesgoel-blip/cacheflow/blob/main/web/components/schedules/JobCard.tsx; https://github.com/messagesgoel-blip/cacheflow/blob/main/web/components/schedules/CreateJobModal.tsx
87,5,5.4,5.4@SCHED-1,E2E scheduled job test — runs with browser closed ⚠️ Human verify,done,complete,100.0,True,False,False,2026-03-05T05:11:55+00:00,2026-03-06T12:46:14-05:00,2026-03-04T23:14:40-05:00,44328c374b6b62f4a0f3ad291546b4a0a91a71ff,messagesgoel-blip,Gemini,Gemini,/home/sanjay/cacheflow_work/web/e2e/tests/scheduledJobs.spec.ts,web/e2e/tests/scheduledJobs.spec.ts,https://github.com/messagesgoel-blip/cacheflow/blob/main/web/e2e/tests/scheduledJobs.spec.ts
88,5,5.5,5.5@VAULT-1,Vault data model and enable/disable API,done,complete,100.0,True,True,True,2026-03-05T04:28:40+00:00,2026-03-05T09:02:34-05:00,2026-03-04T23:14:40-05:00,44328c374b6b62f4a0f3ad291546b4a0a91a71ff,messagesgoel-blip,OpenCode,OpenCode,/home/sanjay/cacheflow_work/prisma/migrations/005_vault; /home/sanjay/cacheflow_work/app/api/vault/route.ts,prisma/migrations/005_vault; app/api/vault/route.ts,https://github.com/messagesgoel-blip/cacheflow/blob/main/prisma/migrations/005_vault; https://github.com/messagesgoel-blip/cacheflow/blob/main/app/api/vault/route.ts
89,5,5.6,5.6@VAULT-1,Vault access gate — TOTP or PIN required to unlock,done,complete,100.0,True,True,True,2026-03-05T04:33:40+00:00,2026-03-08T18:28:35-04:00,2026-03-04T23:14:40-05:00,44328c374b6b62f4a0f3ad291546b4a0a91a71ff,messagesgoel-blip,OpenCode,OpenCode,/home/sanjay/cacheflow_work/web/app/api/vault/[id]/unlock/route.ts; /home/sanjay/cacheflow_work/lib/vault/vaultSession.ts; /home/sanjay/cacheflow_work/web/lib/vault/vaultSession.ts,web/app/api/vault/[id]/unlock/route.ts; lib/vault/vaultSession.ts; web/lib/vault/vaultSession.ts,https://github.com/messagesgoel-blip/cacheflow/blob/main/web/app/api/vault/[id]/unlock/route.ts; https://github.com/messagesgoel-blip/cacheflow/blob/main/lib/vault/vaultSession.ts; https://github.com/messagesgoel-blip/cacheflow/blob/main/web/lib/vault/vaultSession.ts
90,5,5.7,5.7@VAULT-1,"Vault UI — lock icon in sidebar, hidden from All Files; non-encryption disclaimer at setup, unlock modal, and folder header; user-facing name follows /docs/decisions/vault-naming-decision.md",done,complete,100.0,True,False,False,2026-03-05T05:11:55+00:00,2026-03-08T11:47:20-04:00,2026-03-04T23:14:40-05:00,44328c374b6b62f4a0f3ad291546b4a0a91a71ff,messagesgoel-blip,ClaudeCode,ClaudeCode,/home/sanjay/cacheflow_work/web/components/Sidebar/VaultFolderRow.tsx; /home/sanjay/cacheflow_work/web/components/vault/UnlockVaultModal.tsx; /home/sanjay/cacheflow_work/web/app/files/page.tsx,web/components/Sidebar/VaultFolderRow.tsx; web/components/vault/UnlockVaultModal.tsx; web/app/files/page.tsx,https://github.com/messagesgoel-blip/cacheflow/blob/main/web/components/Sidebar/VaultFolderRow.tsx; https://github.com/messagesgoel-blip/cacheflow/blob/main/web/components/vault/UnlockVaultModal.tsx; https://github.com/messagesgoel-blip/cacheflow/blob/main/web/app/files/page.tsx
91,5,5.8,5.8@VAULT-1,"E2E vault tests — enable, lock, unlock, auto-lock",done,complete,100.0,True,False,False,2026-03-05T05:11:55+00:00,2026-03-06T17:33:41-05:00,2026-03-04T23:14:40-05:00,44328c374b6b62f4a0f3ad291546b4a0a91a71ff,messagesgoel-blip,Gemini,Gemini,/home/sanjay/cacheflow_work/web/e2e/tests/vault.spec.ts,web/e2e/tests/vault.spec.ts,https://github.com/messagesgoel-blip/cacheflow/blob/main/web/e2e/tests/vault.spec.ts
92,5,5.9,5.9@SEARCH-1,Duplicate detection — filename + size cross-provider comparison,done,complete,100.0,True,True,True,2026-03-05T04:39:00+00:00,2026-03-05T09:02:34-05:00,2026-03-04T23:14:40-05:00,44328c374b6b62f4a0f3ad291546b4a0a91a71ff,messagesgoel-blip,OpenCode,OpenCode,/home/sanjay/cacheflow_work/lib/cleanup/duplicateDetector.ts; /home/sanjay/cacheflow_work/web/app/api/cleanup/duplicates/route.ts,lib/cleanup/duplicateDetector.ts; web/app/api/cleanup/duplicates/route.ts,https://github.com/messagesgoel-blip/cacheflow/blob/main/lib/cleanup/duplicateDetector.ts; https://github.com/messagesgoel-blip/cacheflow/blob/main/web/app/api/cleanup/duplicates/route.ts
93,5,5.10,5.10@SEARCH-1,Stale file detection + cleanup UI,done,complete,100.0,True,False,False,2026-03-05T05:11:55+00:00,2026-03-06T12:46:14-05:00,2026-03-04T23:14:40-05:00,44328c374b6b62f4a0f3ad291546b4a0a91a71ff,messagesgoel-blip,ClaudeCode,ClaudeCode,/home/sanjay/cacheflow_work/web/app/cleanup/page.tsx; /home/sanjay/cacheflow_work/web/components/cleanup/DuplicateGroup.tsx; /home/sanjay/cacheflow_work/web/components/cleanup/StaleFileList.tsx,web/app/cleanup/page.tsx; web/components/cleanup/DuplicateGroup.tsx; web/components/cleanup/StaleFileList.tsx,https://github.com/messagesgoel-blip/cacheflow/blob/main/web/app/cleanup/page.tsx; https://github.com/messagesgoel-blip/cacheflow/blob/main/web/components/cleanup/DuplicateGroup.tsx; https://github.com/messagesgoel-blip/cacheflow/blob/main/web/components/cleanup/StaleFileList.tsx
94,5,5.11,5.11@SEARCH-1,"Global cross-provider search v1 — name/metadata, ephemeral cache",done,complete,100.0,True,True,True,2026-03-05T04:45:41+00:00,2026-03-05T09:02:34-05:00,2026-03-04T23:14:40-05:00,44328c374b6b62f4a0f3ad291546b4a0a91a71ff,messagesgoel-blip,OpenCode,OpenCode,/home/sanjay/cacheflow_work/app/api/search/route.ts; /home/sanjay/cacheflow_work/lib/search/crossProviderSearch.ts,app/api/search/route.ts; lib/search/crossProviderSearch.ts,https://github.com/messagesgoel-blip/cacheflow/blob/main/app/api/search/route.ts; https://github.com/messagesgoel-blip/cacheflow/blob/main/lib/search/crossProviderSearch.ts
95,5,5.12,5.12@SEARCH-1,Search UI + performance test,done,complete,100.0,True,False,False,2026-03-05T05:11:55+00:00,2026-03-05T09:02:34-05:00,2026-03-04T23:14:40-05:00,44328c374b6b62f4a0f3ad291546b4a0a91a71ff,messagesgoel-blip,ClaudeCode,ClaudeCode,/home/sanjay/cacheflow_work/web/components/search/GlobalSearchBar.tsx; /home/sanjay/cacheflow_work/web/components/search/SearchResults.tsx,web/components/search/GlobalSearchBar.tsx; web/components/search/SearchResults.tsx,https://github.com/messagesgoel-blip/cacheflow/blob/main/web/components/search/GlobalSearchBar.tsx; https://github.com/messagesgoel-blip/cacheflow/blob/main/web/components/search/SearchResults.tsx
96,5,5.13,5.13@SEARCH-1,E2E search + duplicate detection tests,done,complete,100.0,True,False,False,2026-03-05T05:11:55+00:00,2026-03-05T09:02:34-05:00,2026-03-04T23:14:40-05:00,44328c374b6b62f4a0f3ad291546b4a0a91a71ff,messagesgoel-blip,Gemini,Gemini,/home/sanjay/cacheflow_work/web/e2e/tests/search.spec.ts; /home/sanjay/cacheflow_work/web/e2e/tests/duplicateCleanup.spec.ts,web/e2e/tests/search.spec.ts; web/e2e/tests/duplicateCleanup.spec.ts,https://github.com/messagesgoel-blip/cacheflow/blob/main/web/e2e/tests/search.spec.ts; https://github.com/messagesgoel-blip/cacheflow/blob/main/web/e2e/tests/duplicateCleanup.spec.ts
